Algorithm,uniform,simden,varden,GeoLife,PAMAP2,Sensor5,HT,Query,Gowalla
DPC-EXACT-BASELINE,125.44189,296.80564,256.27882,,6.407206667,13852.71657,6652.43238,0.376593,14.720717
DPC-APPROX-BASELINE,,8.739697,2078.411195,28.12181333,0.8617016667,318.5993726,2144.927149,13.58306367,
DPC-FENWICK,15.42890427,5.847936,5.632385967,22.48099723,0.14813907,4.751135633,0.8472047767,0.03198338367,0.7817049667
DPC-INCOMPLETE,28.5003871,13.11644557,10.59773533,25.0318644,5.18154377,7.289988633,1.625831277,0.05430267833,1.484193293
DPC-PRIORITY,9.298375733,2.944667633,2.8626993,12.79734873,0.5943930297,3.939579367,0.5051586,0.019062453,0.4001947367
